email,senha
0.9545464623466868@mail.com,user123
0.9130210941229403@mail.com,user123
0.11155781780493908@mail.com,user123
0.452523294908911@mail.com,user123
0.7273121234991528@mail.com,user123
0.08551890849172838@mail.com,user123
0.06717907558914185@mail.com,user123
0.16433435189256995@mail.com,user123
0.13112255302247994@mail.com,user123
0.6031082954329753@mail.com,user123
0.686310063670176@mail.com,user123
0.13883424195746408@mail.com,user123
0.12578937939007315@mail.com,user123
0.840147220267429@mail.com,user123
0.18324600050056666@mail.com,user123
0.7492300677109526@mail.com,user123
0.3976997015883904@mail.com,user123
0.8252084455295593@mail.com,user123